<?xml version='1.0' encoding='UTF-8'?>
<faces-config xmlns="http://xmlns.jcp.org/xml/ns/javaee"
              xmlns:xsi="http://www.w3.org/2001/XMLSchema-instance"
              xsi:schemaLocation="http://xmlns.jcp.org/xml/ns/javaee
                                  http://xmlns.jcp.org/xml/ns/javaee/web-facesconfig_2_2.xsd"
              version="2.2">

    <application>
        
        <system-event-listener>
            <system-event-listener-class>com.kodcu.util.ElasticSearchSystemEventListener</system-event-listener-class>    
            <system-event-class>javax.faces.event.PostConstructApplicationEvent</system-event-class>
        </system-event-listener>
        
        <system-event-listener>
            <system-event-listener-class>com.kodcu.util.ElasticSearchSystemEventListener</system-event-listener-class>    
            <system-event-class>javax.faces.event.PreDestroyApplicationEvent</system-event-class>
        </system-event-listener>
    
    </application>
    
</faces-config>
